# INSERT ... ON DUPLICATE KEY UPDATE
## 为什么写这个?
```sql
  SQL: INSERT INTO t1 (a,b,c) VALUES (1,2,3),(4,5,6)
      ON DUPLICATE KEY UPDATE c=VALUES(a)+VALUES(b);
    # UNIQUE INDEX uk_a(a)
  # 在该SQL语句中, c = VALUES(a)+VALUES(b);执行完成,c的值究竟是多少? 即 VALUES(a) 是引用的是当前SQL语句中的值（(1,2,3)中的1,（4,5,6）中的4） ， 还是数据库中那行数据中字段a的值(唯一键冲突时)
```
---
## 文档简单翻译
&nbsp;&nbsp;If you specify an ON DUPLICATE KEY UPDATE clause(子句) and a row to be inserted would cause a duplicate value in a UNIQUE index or PRIMARY KEY, an UPDATE of the old row occurs. For example, if column a is declared as UNIQUE and contains the value 1, the following two statements have similar effect:
> 若你指定了'ON DUPLICATE KEY UPDATE'子句且要插入的行将导致UNIQUE index 或 PRIMARY KEY 出现重复的值，这种情况下将导致旧行被更新。 例如,如果字段a被声明为UNIQUE Key 且包含值1,如下两条sql的效果是一样的: 
```sql
   INSERT INTO t1 (a,b,c) VALUES (1,2,3) ON DUPLICATE KEY UPDATE c = c + 1;

   UPDATE t1 SET c = c+1 WHERE a = 1;
```
&nbsp;&nbsp;The effects are not quite(adv.相当；很；非常;) identical(adj.完全相同的；同一的；): For an InnoDB table where a is an auto-increment column, the INSERT statement increases the auto-increment value but the UPDATE does not.
> 两者的效果并非完全一样：在InnoDB为存储引擎的表且字段a是自增列，INSERT语句中自增列的值会自增但UPDATE不会

&nbsp;&nbsp;If column b is also unique, the INSERT is equivalent(adj.等同的；等效的;) to this UPDATE statement instead:
> 如果b也是唯一键，那么INSERT 和 UPDATE 语句是等效的。
```sql
   UPDATE t1 SET c=c+1 WHERE a=1 OR b=2 LIMIT 1;
```
&nbsp;&nbsp;If a=1 OR b=2 matches several(adj.不同的；各自的；pron.几个；) rows, only one row is updated. In general, you should try to avoid(v.避免;防止;撤销;) using an ON DUPLICATE KEY UPDATE clause on tables with multiple unique indexes.
> 若 a=1 OR b=2 匹配上了几行数据，只有一行数据会被update。一般情况下，你应当避免在多个唯一索引的表中使用 ‘ON DUPLICATE KEY UPDATE’

&nbsp;&nbsp;With(prep.和..在一起;具有;反对;关于;由于;虽然;受...影响;由...负责。) ON DUPLICATE KEY UPDATE, the affected-rows value per row is 1 if the row is inserted as a new row, 2 if an existing row is updated, and 0 if an existing row is set to its current values. If you specify the CLIENT_FOUND_ROWS flag to the mysql_real_connect() C API function when connecting to mysqld, the affected-rows value is 1 (not 0) if an existing row is set to its current values.
> 使用ON DUPLICATE KEY UPDATE，如果一行作为新行插入，则每行受影响的行值为1，如果更新现有行，则为2，如果现有行设置为当前值，则为0。当连接到mysqld时，如果你在mysql_real_connect() C API函数中指定了CLIENT_FOUND_ROWS标志，如果现有行被设置为当前值，那么受影响的行值是1(不是0)。

&nbsp;&nbsp;If a table contains an AUTO_INCREMENT column and INSERT ... ON DUPLICATE KEY UPDATE inserts or updates a row, the LAST_INSERT_ID() function returns the AUTO_INCREMENT value.
> 如果一张表包含AUTO_INCREMENT列且‘INSERT ... ON DUPLICATE KEY UPDATE’ 插入或者更新了一行，LAST_INSERT_ID函数将返回AUTO_INCREMENT列的值。
>> 经过测试，LAST_INSERT_ID返回的是当时被插入的那行的自增值
  ```txt
     mysql> create table stu0806(
    -> id bigint auto_increment not null primary key , 
    -> name varchar(20) );
     Query OK, 0 rows affected (0.03 sec)
     
     mysql> show create table stu0806;
     +---------+--------------------------------------------------------------------------------------------------------------------------------------------------------------------+
     | Table   | Create Table                                                                                                                                                       |
     +---------+--------------------------------------------------------------------------------------------------------------------------------------------------------------------+
     | stu0806 | CREATE TABLE `stu0806` (
       `id` bigint(20) NOT NULL AUTO_INCREMENT,
       `name` varchar(20) DEFAULT NULL,
       PRIMARY KEY (`id`)
     ) ENGINE=InnoDB DEFAULT CHARSET=latin1 |
     +---------+--------------------------------------------------------------------------------------------------------------------------------------------------------------------+
     1 row in set (0.00 sec)
     
     mysql> select last_insert_id();
     +------------------+
     | last_insert_id() |
     +------------------+
     |                0 |
     +------------------+
     1 row in set (0.00 sec)
     
     mysql> insert into stu0806(name) values('a') on duplicate key  update name='duplicate';
     Query OK, 1 row affected (0.01 sec)
     
     mysql> select last_insert_id();
     +------------------+
     | last_insert_id() |
     +------------------+
     |                1 |
     +------------------+
     1 row in set (0.00 sec)
     
     mysql> select * from stu0806;
     +----+------+
     | id | name |
     +----+------+
     |  1 | a    |
     +----+------+
     1 row in set (0.00 sec)
     
     mysql> insert into stu0806(name) values('a') on duplicate key  update name='duplicate';
     Query OK, 1 row affected (0.01 sec)
     
     mysql> select last_insert_id();
     +------------------+
     | last_insert_id() |
     +------------------+
     |                2 |
     +------------------+
     1 row in set (0.00 sec)
     
     mysql> select last_insert_id();
     +------------------+
     | last_insert_id() |
     +------------------+
     |                2 |
     +------------------+
     1 row in set (0.00 sec)
     
     mysql> select * from stu0806;
     +----+------+
     | id | name |
     +----+------+
     |  1 | a    |
     |  2 | a    |
     +----+------+
     2 rows in set (0.00 sec)
     
     mysql> insert into stu0806(id,name) values(1,'a') on duplicate key  update name='duplicate';
     Query OK, 2 rows affected (0.01 sec)
     
     mysql> select * from stu0806;
     +----+-----------+
     | id | name      |
     +----+-----------+
     |  1 | duplicate |
     |  2 | a         |
     +----+-----------+
     2 rows in set (0.00 sec)
     
     mysql> select last_insert_id();
     +------------------+
     | last_insert_id() |
     +------------------+
     |                2 |
     +------------------+
     1 row in set (0.00 sec)
```
&nbsp;&nbsp The ON DUPLICATE KEY UPDATE clause can contain multiple column assignments(n.
作业（assignment 的复数形式）；分配), separated(adj.分居;独居;v.分开;分离;隔开;) by commas(n.逗号.comma复数).
> ‘ ON DUPLICATE KEY UPDATE ’ 子句可以包含多个列赋值，用逗号分隔。

&nbsp;&nbsp;In assignment value expressions(表达式) in the ON DUPLICATE KEY UPDATE clause, you can use the VALUES(col_name) function to refer(v.提到;谈及;涉及;查阅;参考;让..注意;) to column values from the INSERT portion(n.一部分;一份;v.分配;) of the INSERT ... ON DUPLICATE KEY UPDATE statement. In other words, VALUES(col_name) in the ON DUPLICATE KEY UPDATE clause refers to the value of col_name that would be inserted, had no duplicate-key conflict occurred. This function is especially(adv.尤其，特别；专门，特地；在很大程度上，非常) useful in multiple-row inserts. The VALUES() function is meaningful(adj.有意义的，重要的；) only in the ON DUPLICATE KEY UPDATE clause or INSERT statements and returns NULL otherwise. Example:'
> 在'ON DUPLICATE KEY UPDATE' 子句的赋值表达式中，可以使用 VALUES(col_name) 函数去引用'INSERT ... ON DUPLICATE KEY UPDATE' 中INSERT部分字段的值。 换句话说，‘ON DUPLICATE KEY UPDATE’ 子句中的VALUES(col_name) 指的是将要插入的col_name的值，且没有发生重复键冲突。这个在多行插入时非常有用。VALUES()函数只在ON DUPLICATE KEY UPDATE子句或INSERT语句中有意义，否则返回NULL。例如:
```sql
   INSERT INTO t1 (a,b,c) VALUES (1,2,3),(4,5,6)
      ON DUPLICATE KEY UPDATE c=VALUES(a)+VALUES(b);
```
&nbsp;&nbsp;That statement is identical to the following two statements:
> 这一声明和如下两项声明是一样的:
```sql
   INSERT INTO t1 (a,b,c) VALUES (1,2,3)
  ON DUPLICATE KEY UPDATE c=3;
  
    INSERT INTO t1 (a,b,c) VALUES (4,5,6)
  ON DUPLICATE KEY UPDATE c=9;
```
---
&nbsp;&nbsp;For INSERT ... SELECT statements, these rules apply regarding acceptable forms of SELECT query expressions that you can refer to in an ON DUPLICATE KEY UPDATE clause:
> 对于插入……SELECT语句，这些规则适用于可以在ON DUPLICATE KEY UPDATE子句中引用的SELECT查询表达式的可接受形式:
- References to columns from queries on a single table, which may be a derived table.
  > 对单个表(可能是派生表)上查询的列的引用。
- References to columns from queries on a join over multiple tables.
  > 对多个表上联接查询中的列的引用。
- References to columns from DISTINCT queries.
  > 对DISTINCT查询中的列的引用。
- References to columns in other tables, as long as(as long as: 只要;和...一样;) the SELECT does not use GROUP BY. One side effect is that you must qualify(v.有权去做;取得资格;达到标准;修饰;限定) references to nonunique column names.
  > 对其他表中的列的引用，只要SELECT不使用GROUP BY即可。一个副作用是必须将引用限定为非惟一的列名。

&nbsp;&nbsp;References to columns from a UNION do not work reliably(可靠地;确实地;). To work around this restriction(n.限定;规定;约束;), rewrite the UNION as a derived table so that its rows can be treated as a single-table result set. For example, this statement can produce incorrect results:
> 对来自UNION的列的引用不能可靠地工作。要解决此限制，请将UNION重写为派生表，以便其行可以作为单表结果集处理。例如，这个语句可能会产生不正确的结果:
```sql
  INSERT INTO t1 (a, b)
    SELECT c, d FROM t2
    UNION
    SELECT e, f FROM t3
  ON DUPLICATE KEY UPDATE b = b + c;
```
&nbsp;&nbsp;Instead, use an equivalent statement that rewrites the UNION as a derived table:
> 相反，使用一个等价的语句将UNION重写为派生表:
```sql
    INSERT INTO t1 (a, b)
    SELECT * FROM
      (SELECT c, d FROM t2
       UNION
       SELECT e, f FROM t3) AS dt
    ON DUPLICATE KEY UPDATE b = b + c;
```
&nbsp;&nbsp;The technique of rewriting a query as a derived table also enables references to columns from GROUP BY queries.
> 将查询重写为派生表的技术还支持引用来自GROUP BY查询的列。

&nbsp;&nbsp;Because the results of INSERT ... SELECT statements depend on the ordering of rows from the SELECT and this order cannot always be guaranteed(adj.保障的;v.保证;担保;), it is possible when logging INSERT ... SELECT ON DUPLICATE KEY UPDATE statements for the source and the replica(n.复制品;) to diverge(v.相异;出现分歧;分开;分化;). Thus, INSERT ... SELECT ON DUPLICATE KEY UPDATE statements are flagged as(as flagged as：被标记为) unsafe for statement-based replication. Such statements produce a warning in the error log when using statement-based mode and are written to the binary log using the row-based format when using MIXED mode. An INSERT ... ON DUPLICATE KEY UPDATE statement against a table having more than one unique or primary key is also marked as unsafe. (Bug #11765650, Bug #58637)
> 即 'INSERT ... SELECT' 是不安全的

&nbsp;&nbsp;An INSERT ... ON DUPLICATE KEY UPDATE on a partitioned table using a storage engine such as MyISAM that employs table-level locks locks any partitions of the table in which a partitioning key column is updated. (This does not occur with tables using storage engines such as InnoDB that employ row-level locking.) For more information, see Section 22.6.4, “Partitioning and Locking”.
> 'INSERT ... ON DUPLICATE KEY UPDATE' 语句执行时, 基于MyISAM的表会加表级别的锁;而InnoDB只会加行级别的锁.
 
---
## 参考资料
1. [https://dev.mysql.com/doc/refman/5.7/en/insert-on-duplicate.html](https://dev.mysql.com/doc/refman/5.7/en/insert-on-duplicate.html)

