# GROUP_CONCAT()
&nbsp;&nbsp;This function returns a string result with the concatenated non-NULL values from a group. It returns NULL if there are no non-NULL values. The full syntax is as follows:
```sql
      GROUP_CONCAT([DISTINCT] expr [,expr ...]
                   [ORDER BY {unsigned_integer | col_name | expr}
                       [ASC | DESC] [,col_name ...]]
                   [SEPARATOR str_val])  


    mysql> SELECT student_name,
         GROUP_CONCAT(test_score)
       FROM student
       GROUP BY student_name;

    mysql> SELECT student_name,
         GROUP_CONCAT(DISTINCT test_score
                      ORDER BY test_score DESC SEPARATOR ' ')
       FROM student
       GROUP BY student_name;
    
    # 示例
    mysql> insert into t1(name,kemu) values('a','数学'),('a',"语文"),('b','英语'),('b','历史');
    Query OK, 4 rows affected (0.02 sec)
    Records: 4  Duplicates: 0  Warnings: 0
    
    mysql> select name , GROUP_CONCAT(kemu) from t1 group by name;
    +------+--------------------+
    | name | GROUP_CONCAT(kemu) |
    +------+--------------------+
    | a    | 数学,语文          |
    | b    | 英语,历史          |
    +------+--------------------+
    2 rows in set (0.00 sec)
    
    mysql> select * from t1;
    +----+------+--------+
    | id | name | kemu   |
    +----+------+--------+
    |  1 | a    | 数学   |
    |  2 | a    | 语文   |
    |  3 | b    | 英语   |
    |  4 | b    | 历史   |
    +----+------+--------+
    4 rows in set (0.00 sec)
    
    mysql> 
```

&nbsp;&nbsp;In MySQL, you can get the concatenated values of expression combinations. To eliminate duplicate values, use the DISTINCT clause. To sort values in the result, use the ORDER BY clause. To sort in reverse order, add the DESC (descending) keyword to the name of the column you are sorting by in the ORDER BY clause. The default is ascending order; this may be specified explicitly using the ASC keyword. The default separator between values in a group is comma (,). To specify a separator explicitly, use SEPARATOR followed by the string literal value that should be inserted between group values. To eliminate the separator altogether, specify SEPARATOR ''.

&nbsp;&nbsp;The result is truncated to the maximum length that is given by the group_concat_max_len system variable, which has a default value of 1024. The value can be set higher, although the effective maximum length of the return value is constrained by the value of max_allowed_packet. The syntax to change the value of group_concat_max_len at runtime is as follows, where val is an unsigned integer:
```sql
    SET [GLOBAL | SESSION] group_concat_max_len = val;
```
&nbsp;&nbsp;The return value is a nonbinary or binary string, depending on whether the arguments are nonbinary or binary strings. The result type is TEXT or BLOB unless group_concat_max_len is less than or equal to 512, in which case the result type is VARCHAR or VARBINARY.


## 参考资料
1. [https://dev.mysql.com/doc/refman/5.7/en/aggregate-functions.html#function_group-concat](https://dev.mysql.com/doc/refman/5.7/en/aggregate-functions.html#function_group-concat)