# GROUP_CONCAT()
&nbsp;&nbsp;This function returns a string result with the concatenated non-NULL values from a group. It returns NULL if there are no non-NULL values. The full syntax is as follows(这个函数返回一个字符串结果，其中包含一个组中连接起来的非null值。如果没有非空值，则返回NULL。完整的语法如下:):
```sql
      GROUP_CONCAT([DISTINCT] expr [,expr ...]
                   [ORDER BY {unsigned_integer | col_name | expr}
                       [ASC | DESC] [,col_name ...]]
                   [SEPARATOR str_val])  


    mysql> SELECT student_name,
         GROUP_CONCAT(test_score)
       FROM student
       GROUP BY student_name;

    mysql> SELECT student_name,
         GROUP_CONCAT(DISTINCT test_score
                      ORDER BY test_score DESC SEPARATOR ' ')
       FROM student
       GROUP BY student_name;
    
    # 示例
    mysql> insert into t1(name,kemu) values('a','数学'),('a',"语文"),('b','英语'),('b','历史');
    Query OK, 4 rows affected (0.02 sec)
    Records: 4  Duplicates: 0  Warnings: 0
    
    mysql> select name , GROUP_CONCAT(kemu) from t1 group by name;
    +------+--------------------+
    | name | GROUP_CONCAT(kemu) |
    +------+--------------------+
    | a    | 数学,语文          |
    | b    | 英语,历史          |
    +------+--------------------+
    2 rows in set (0.00 sec)
    
    mysql> select * from t1;
    +----+------+--------+
    | id | name | kemu   |
    +----+------+--------+
    |  1 | a    | 数学   |
    |  2 | a    | 语文   |
    |  3 | b    | 英语   |
    |  4 | b    | 历史   |
    +----+------+--------+
    4 rows in set (0.00 sec)
    
    mysql> 
```

&nbsp;&nbsp;In MySQL, you can get the concatenated values of expression combinations. To eliminate duplicate values, use the DISTINCT clause. To sort values in the result, use the ORDER BY clause. To sort in reverse order, add the DESC (descending) keyword to the name of the column you are sorting by in the ORDER BY clause. The default is ascending order; this may be specified explicitly using the ASC keyword. The default separator between values in a group is comma (,). To specify a separator explicitly, use SEPARATOR followed by the string literal value that should be inserted between group values. To eliminate the separator altogether, specify SEPARATOR ''.(在MySQL中，您可以获得表达式组合的连接值。要消除重复的值，请使用DISTINCT子句。要对结果中的值进行排序，请使用ORDER BY子句。要按反向顺序排序，请在order by子句中向排序的列的名称添加DESC(降序)关键字。默认为升序;这可以使用ASC关键字显式指定。组中值之间的默认分隔符为“，”。若要显式指定分隔符，请使用separator后跟应该插入到组值之间的字符串文字值。要完全消除分隔符，请指定separator ")

&nbsp;&nbsp;The result is truncated to the maximum length that is given by the group_concat_max_len system variable, which has a default value of 1024. The value can be set higher, although the effective maximum length of the return value is constrained by the value of max_allowed_packet. The syntax to change the value of group_concat_max_len at runtime is as follows, where val is an unsigned integer:(结果被截断为系统变量group_concat_max_len给出的最大长度，该变量的默认值为1024。虽然返回值的有效最大长度受到max_allowed_packet值的限制，但该值可以设置得更大。在运行时更改group_concat_max_len值的语法如下，其中val是一个无符号整数:)
```sql
    SET [GLOBAL | SESSION] group_concat_max_len = val;
```
&nbsp;&nbsp;The return value is a nonbinary or binary string, depending on whether the arguments are nonbinary or binary strings. The result type is TEXT or BLOB unless group_concat_max_len is less than or equal to 512, in which case the result type is VARCHAR or VARBINARY.(返回值是非二进制字符串还是二进制字符串，具体取决于参数是非二进制字符串还是二进制字符串。结果类型是TEXT或BLOB，除非group_concat_max_len小于或等于512，在这种情况下，结果类型是VARCHAR或VARBINARY。)


## 参考资料
1. [https://dev.mysql.com/doc/refman/5.7/en/aggregate-functions.html#function_group-concat](https://dev.mysql.com/doc/refman/5.7/en/aggregate-functions.html#function_group-concat)